﻿<parameters>
  <parameter name="IIS Web Application Name" defaultValue="CheckInApp" tags="IisApp">
    <parameterEntry kind="ProviderPath" scope="IisApp" match="^C:\\Users\\Admin\\Documents\\App\\checkinapp\\CheckInApp\\obj\\Release\\Package\\PackageTmp$" />
    <parameterEntry kind="ProviderPath" scope="setAcl" match="^C:\\Users\\Admin\\Documents\\App\\checkinapp\\CheckInApp\\obj\\Release\\Package\\PackageTmp$" />
  </parameter>
  <parameter name="checkinappEntities-Web.config Connection String" description="checkinappEntities Connection String used in web.config by the application to access the database." defaultValue="metadata=res://*/Models.DBModel.csdl|res://*/Models.DBModel.ssdl|res://*/Models.DBModel.msl;provider=System.Data.SqlClient;provider connection string=&quot;data source=checkinapp.database.windows.net;initial catalog=checkinapp;persist security info=True;user id=checkinapp;password=SavinaNo1;MultipleActiveResultSets=True;App=EntityFramework&quot;" tags="SqlConnectionString">
    <parameterEntry kind="XmlFile" scope="C:\\Users\\Admin\\Documents\\App\\checkinapp\\CheckInApp\\obj\\Release\\Package\\PackageTmp\\Web\.config$" match="/configuration/connectionStrings/add[@name='checkinappEntities']/@connectionString" />
  </parameter>
  <parameter name="InternalCheckinappEntities-Web.config Connection String" description="InternalCheckinappEntities Connection String used in web.config by the application to access the database." defaultValue="metadata=res://*/Models.InternalDBModel.csdl|res://*/Models.InternalDBModel.ssdl|res://*/Models.InternalDBModel.msl;provider=System.Data.SqlClient;provider connection string=&quot;data source=.;initial catalog=checkinapp;integrated security=True;MultipleActiveResultSets=True;App=EntityFramework&quot;" tags="SqlConnectionString">
    <parameterEntry kind="XmlFile" scope="C:\\Users\\Admin\\Documents\\App\\checkinapp\\CheckInApp\\obj\\Release\\Package\\PackageTmp\\Web\.config$" match="/configuration/connectionStrings/add[@name='InternalCheckinappEntities']/@connectionString" />
  </parameter>
</parameters>